data;idpotreiro;qtd_animais;peso_origem_medio;peso_final_medio;ganho_medio;peso_origem_total;peso_final_total;dias_permanencia_medio
2015-01-19;1;32;244.1875;250.9375;6.75;7814.0;8030.0;37.0
2015-01-19;2;39;344.6666666666667;359.3306704790164;14.66400381234976;13442.0;14013.893;23.0
2015-01-19;3;58;243.89655172413794;246.43965517241378;2.543103448275862;14146.0;14293.5;37.0
2015-01-19;4;82;254.9390243902439;264.7140182867283;9.774993896484375;20905.0;21706.566;23.0
2015-02-24;1;85;256.63529411764705;256.04117647058825;-0.5941176470588235;21814.0;21763.5;27.0
2015-02-24;2;4;266.0;306.75;40.75;1064.0;1227.0;77.0
2015-02-24;3;56;242.1875;243.6875;1.5;13562.5;13646.5;27.0
2015-03-25;1;53;269.3679245283019;257.0660377358491;-12.30188679245283;14276.5;13624.5;36.0
2015-03-25;3;73;244.03424657534248;237.42465753424656;-6.609589041095891;17814.5;17332.0;36.0
2015-04-23;1;31;246.53225806451613;226.58064516129033;-19.951612903225808;7642.5;7024.0;26.0
2015-04-23;2;19;259.07894736842104;255.89473684210526;-3.1842105263157894;4922.5;4862.0;26.0
2015-04-23;3;51;239.6764705882353;216.85294117647058;-22.823529411764707;12223.5;11059.5;26.0
2015-04-23;4;23;277.7391304347826;273.2826086956522;-4.456521739130435;6388.0;6285.5;26.0
2015-05-25;2;20;215.85;228.9;13.05;4317.0;4578.0;51.0
2015-05-25;4;29;240.81034482758622;247.86206896551724;7.051724137931035;6983.5;7188.0;51.0
2015-07-10;2;12;252.41666666666666;284.6666666666667;32.25;3029.0;3416.0;33.0
2015-07-10;4;12;254.5;275.1666666666667;20.666666666666668;3054.0;3302.0;33.0
2015-08-11;1;28;323.07142857142856;370.82142857142856;47.75;9046.0;10383.0;50.0
2015-08-11;2;12;321.5833333333333;375.25;53.666666666666664;3859.0;4503.0;50.0
2015-08-11;3;27;296.85185185185185;332.55555555555554;35.7037037037037;8015.0;8979.0;50.0
2015-08-11;4;16;292.25;346.6875;54.4375;4676.0;5547.0;50.0
2015-09-29;1;25;358.24;369.0;10.76;8956.0;9225.0;36.0
2015-09-29;2;12;375.25;409.1666666666667;33.916666666666664;4503.0;4910.0;36.0
2015-09-29;3;27;332.55555555555554;348.9259259259259;16.37037037037037;8979.0;9421.0;36.0
2015-09-29;4;16;347.625;367.875;20.25;5562.0;5886.0;15.0
2015-11-03;1;25;369.0;387.32;18.32;9225.0;9683.0;49.0
2015-11-03;2;12;409.1666666666667;433.0;23.833333333333332;4910.0;5196.0;49.0
2015-11-03;3;27;348.9259259259259;362.8888888888889;13.962962962962964;9421.0;9798.0;49.0
2015-12-15;1;35;393.8285714285714;404.2857142857143;10.457142857142857;13784.0;14150.0;62.0
2015-12-15;2;11;432.8181818181818;452.72727272727275;19.90909090909091;4761.0;4980.0;62.0
2015-12-15;3;31;369.0;374.5483870967742;5.548387096774194;11439.0;11611.0;62.0
2016-02-11;4;89;405.4943820224719;416.2696629213483;10.775280898876405;36089.0;37048.0;22.0
2016-02-17;1;36;568.0833333333334;558.4166666666666;-9.666666666666666;20451.0;20103.0;56.0
2016-02-17;2;20;438.75;437.65;-1.1;8775.0;8753.0;56.0
2016-02-17;3;66;404.3181818181818;391.8484848484849;-12.469696969696969;26685.0;25862.0;56.0
2016-02-17;4;19;435.7894736842105;443.42105263157896;7.631578947368421;8280.0;8425.0;56.0
2016-03-30;1;4;379.5;352.0;-27.5;1518.0;1408.0;49.0
2016-03-30;2;5;475.8;454.0;-21.8;2379.0;2270.0;49.0
2016-03-30;3;4;368.5;342.5;-26.0;1474.0;1370.0;49.0
2016-03-30;4;5;429.2;427.6;-1.6;2146.0;2138.0;49.0
2016-06-15;1;4;352.0;;;1408.0;;
2016-06-15;2;5;454.0;;;2270.0;;
2016-06-15;3;4;342.5;;;1370.0;;
2016-06-15;4;5;427.6;;;2138.0;;
2016-09-12;1;14;251.04545454545453;286.72727272727275;35.68181818181818;2761.5;3154.0;36.0
2016-09-12;2;15;234.86666666666667;263.8666666666667;29.0;3523.0;3958.0;36.0
2016-09-12;3;25;226.18;253.63636363636363;24.545454545454547;5654.5;5580.0;36.0
2016-09-12;4;15;218.76666666666668;243.93333333333334;25.166666666666668;3281.5;3659.0;36.0
2016-10-26;1;49;218.03125;231.48979591836735;13.989583333333334;10465.5;11343.0;27.0
2016-10-26;2;35;216.78571428571428;200.7941176470588;16.176470588235293;7587.5;3413.5;27.0
2016-10-26;3;75;216.08;233.10666666666665;17.026666666666667;16206.0;17483.0;27.0
2016-10-26;4;26;187.05769230769232;206.12;19.66;4863.5;5153.0;27.0
2016-11-23;1;59;236.07627118644066;239.8943931450278;3.8181219585871293;13928.5;14153.772;34.0
2016-11-23;2;17;200.85294117647058;208.7414119944853;7.888470818014706;3414.5;3548.6038;34.0
2016-11-23;3;77;232.8961038961039;230.80921052631578;-0.9276315789473685;17933.0;17541.5;34.0
2016-11-23;4;30;214.81666666666666;227.57142857142858;12.482142857142858;6444.5;6372.0;-332.0
2016-12-29;1;22;223.0681818181818;252.47272422096947;29.40454240278764;4907.5;5554.399;35.0
2016-12-29;2;10;221.2;237.575;16.375;2212.0;2375.75;35.0
2016-12-29;3;30;222.41666666666666;241.66666666666666;19.25;6672.5;7250.0;35.0
2016-12-29;4;11;233.72727272727272;245.0;22.77777777777778;2571.0;2205.0;35.0
2017-01-30;1;22;248.45454545454547;259.26942080543154;10.174182710193453;5466.0;5444.658;44.0
2017-01-30;2;11;237.0;270.3367267955433;33.33672679554332;2607.0;2973.704;44.0
2017-01-30;3;31;240.2;258.7068965517241;19.5;7206.0;7502.5;44.0
2017-01-30;4;11;244.0;268.2999988902699;24.299998890269887;2684.0;2951.3;44.0
2017-03-06;1;61;281.8114754098361;308.4918032786885;26.68032786885246;17190.5;18818.0;34.0
2017-03-06;2;19;264.4736842105263;265.2631578947368;0.7894736842105263;5025.0;5040.0;34.0
2017-03-06;3;71;269.5774647887324;266.3549144906057;-3.2225502981266505;19140.0;18911.2;34.0
2017-03-06;4;32;278.359375;296.21875;17.859375;8907.5;9479.0;34.0
2017-04-18;1;12;245.5;227.58333333333334;-17.916666666666668;2946.0;2731.0;34.0
2017-04-18;2;16;279.3125;283.5625;4.25;4469.0;4537.0;34.0
2017-04-18;3;20;242.6;233.95;-8.65;4852.0;4679.0;34.0
2017-04-18;4;26;303.7307692307692;295.3076923076923;-8.423076923076923;7897.0;7678.0;34.0
2017-05-19;1;13;233.84615384615384;224.53846153846155;-9.307692307692308;3040.0;2919.0;37.0
2017-05-19;2;12;276.5;271.0833333333333;-5.416666666666667;3318.0;3253.0;37.0
2017-05-19;3;20;241.55;224.625;-16.925;4831.0;4492.5;37.0
2017-05-19;4;25;297.0;284.12;-12.88;7425.0;7103.0;37.0
2017-06-26;1;13;224.53846153846155;228.23076923076923;3.6923076923076925;2919.0;2967.0;32.0
2017-06-26;2;13;274.7692307692308;302.7692307692308;28.0;3572.0;3936.0;32.0
2017-06-26;3;20;224.625;221.775;-2.85;4492.5;4435.5;32.0
2017-06-26;4;15;288.1333333333333;302.93333333333334;14.8;4322.0;4544.0;32.0
2017-07-26;1;13;228.23076923076923;239.65384615384616;11.423076923076923;2967.0;3115.5;35.0
2017-07-26;2;13;302.7692307692308;326.7692307692308;24.0;3936.0;4248.0;35.0
2017-07-26;3;20;221.775;228.275;6.5;4435.5;4565.5;35.0
2017-07-26;4;15;302.93333333333334;327.46666666666664;24.533333333333335;4544.0;4912.0;35.0
2017-09-04;1;25;282.94;280.2;-2.74;7073.5;7005.0;29.0
2017-09-04;2;13;326.7692307692308;338.3076923076923;11.538461538461538;4248.0;4398.0;29.0
2017-09-04;3;40;287.2875;279.3378378378378;-2.0;11491.5;10335.5;29.0
2017-09-04;4;23;322.0869565217391;332.2631578947368;14.68421052631579;7408.0;6313.0;29.0
2017-10-02;1;25;287.6;297.52;9.92;7190.0;7438.0;44.0
2017-10-02;2;13;339.4166666666667;372.1666666666667;32.75;4073.0;4466.0;44.0
2017-10-02;3;57;300.9035087719298;317.8421052631579;16.93859649122807;17151.5;18117.0;44.0
2017-10-02;4;20;332.45;363.2;30.75;6649.0;7264.0;44.0
2017-11-13;1;52;331.0769230769231;334.28846153846155;3.2115384615384617;17216.0;17383.0;27.0
2017-11-13;2;27;358.3333333333333;365.77777777777777;7.444444444444445;9675.0;9876.0;27.0
2017-11-13;3;79;334.69620253164555;326.22435897435895;-8.314102564102564;26441.0;25445.5;27.0
2017-11-13;4;11;348.0;348.72727272727275;0.7272727272727273;3828.0;3836.0;27.0
2017-12-11;1;40;321.525;313.55;-7.975;12861.0;12542.0;36.0
2017-12-11;2;14;362.7142857142857;373.35714285714283;10.642857142857142;5078.0;5227.0;36.0
2017-12-11;3;53;296.58490566037733;305.2641509433962;8.679245283018869;15719.0;16179.0;36.0
2017-12-11;4;19;339.0;358.6842105263158;19.68421052631579;6441.0;6815.0;36.0
2018-01-15;1;15;267.6;274.26666666666665;6.666666666666667;4014.0;4114.0;35.0
2018-01-15;2;11;387.90909090909093;395.1818181818182;7.2727272727272725;4267.0;4347.0;35.0
2018-01-15;3;20;277.75;289.1;11.35;5555.0;5782.0;35.0
2018-01-15;4;19;358.6842105263158;389.05263157894734;30.36842105263158;6815.0;7392.0;35.0
2018-02-19;1;19;300.89473684210526;293.2105263157895;-7.684210526315789;5717.0;5571.0;34.0
2018-02-19;2;8;399.5;401.0;1.5;3196.0;3208.0;34.0
2018-02-19;3;37;359.27027027027026;367.05405405405406;7.783783783783784;13293.0;13581.0;34.0
2018-02-19;4;16;388.8125;394.5625;5.75;6221.0;6313.0;34.0
2018-03-23;1;30;340.8;345.23333333333335;4.433333333333334;10224.0;10357.0;33.0
2018-03-23;2;11;395.09090909090907;422.90909090909093;27.818181818181817;4346.0;4652.0;33.0
2018-03-23;3;44;358.3863636363636;369.15909090909093;10.772727272727273;15769.0;16243.0;33.0
2018-03-23;4;14;397.7857142857143;408.35714285714283;10.571428571428571;5569.0;5717.0;33.0
2018-04-25;1;33;355.0;338.4848484848485;-16.515151515151516;11715.0;11170.0;71.0
2018-04-25;2;6;432.3333333333333;447.0;14.666666666666666;2594.0;2682.0;71.0
2018-04-25;3;44;369.15909090909093;345.6818181818182;-23.477272727272727;16243.0;15210.0;71.0
2018-04-25;4;14;408.35714285714283;401.64285714285717;-6.714285714285714;5717.0;5623.0;71.0
2018-07-13;1;11;261.3636363636364;262.45454545454544;1.0909090909090908;2875.0;2887.0;49.0
2018-07-13;2;6;447.0;449.1666666666667;2.1666666666666665;2682.0;2695.0;43348.0
2018-07-13;3;11;269.0;262.72727272727275;-6.2727272727272725;2959.0;2890.0;49.0
2018-07-13;4;11;398.0;386.8181818181818;-11.181818181818182;4378.0;4255.0;49.0
2018-08-20;1;11;262.45454545454544;;;2887.0;;
2018-08-20;2;6;449.1666666666667;;;2695.0;;
2018-08-20;3;11;262.72727272727275;;;2890.0;;
2018-08-20;4;11;386.8181818181818;;;4255.0;;
2018-10-04;1;11;280.09090909090907;314.44444444444446;18.88888888888889;3081.0;2830.0;42.0
2018-10-04;2;6;449.1666666666667;495.1666666666667;46.0;2695.0;2971.0;42.0
2018-10-04;3;34;244.13235294117646;256.390625;8.828125;8300.5;8204.5;32.0
2018-10-04;4;16;355.5;361.875;6.375;5688.0;5790.0;42.0
2018-11-05;1;26;259.125;266.46;7.5625;6219.0;6661.5;22.0
2018-11-05;2;17;327.94117647058823;339.0882352941176;11.147058823529411;5575.0;5764.5;22.0
2018-11-05;3;33;260.3484848484849;273.8125;12.203125;8591.5;8762.0;32.0
2018-11-05;4;27;299.18518518518516;313.037037037037;13.851851851851851;8078.0;8452.0;22.0
2018-12-10;1;11;321.1;252.0909090909091;-68.5;3211.0;2773.0;40.0
2018-12-10;2;25;244.18;245.95833333333334;1.8125;6104.5;5903.0;40.0
2018-12-10;3;34;246.26470588235293;248.1875;1.90625;8373.0;7942.0;40.0
2018-12-10;4;28;254.64285714285714;259.0833333333333;4.958333333333333;7130.0;6218.0;40.0
2019-01-14;1;27;247.94444444444446;253.38888888888889;5.444444444444445;6694.5;6841.5;36.0
2019-01-14;2;25;244.18;252.82608695652175;8.152173913043478;6104.5;5815.0;36.0
2019-01-14;3;34;246.26470588235293;247.4848484848485;2.1515151515151514;8373.0;8167.0;36.0
2019-01-14;4;28;318.92857142857144;259.7826086956522;-70.91304347826087;8930.0;5975.0;36.0
2019-02-18;1;28;255.08928571428572;270.4642857142857;15.375;7142.5;7573.0;37.0
2019-02-18;2;24;252.82608695652175;270.1904761904762;25.6;5815.0;5674.0;
2019-02-18;3;37;248.2972972972973;277.6111111111111;30.194444444444443;9187.0;9994.0;37.0
2019-02-18;4;24;259.0833333333333;275.5416666666667;16.458333333333332;6218.0;6613.0;37.0
2019-04-10;1;48;274.625;267.97872340425533;-7.25531914893617;13182.0;12595.0;55.0
2019-04-10;2;11;;274.54545454545456;;;3020.0;
2019-04-10;3;74;274.0;371.3243243243243;3.6363636363636362;6028.0;27478.0;55.0
2019-04-10;4;19;276.05263157894734;291.05263157894734;15.0;5245.0;5530.0;55.0
2019-07-08;1;39;267.0769230769231;;;10416.0;;
2019-07-08;2;48;263.5416666666667;;;12650.0;;35.0
2019-07-08;3;51;275.3137254901961;258.625;-13.0;14041.0;6207.0;119.0
2019-07-08;4;26;278.88;;;6972.0;;35.0
2019-08-13;1;24;274.2083333333333;;;6581.0;;
2019-08-13;2;12;310.0;;;3720.0;;
2019-08-13;3;30;269.3666666666667;;;8081.0;;
2019-08-13;4;14;298.89285714285717;;;4184.5;;
